time,source,match_tier,score,title,company,location,description,link
2026-08-29T02:21:08.840347Z,biospace:toxicology,strong,76,Sr. Scientist  Toxicology,Legend Biotech,Somerset  New Jersey  US,Legend Biotech is a global biotechnology company dedicated to treating and  one day  curing life-threatening diseases. Headquartered in Bridgewater  New Jersey  we are advancing the next generation of cell therapy through a portfolio of innovative technologies  including autologous  allogeneic  and in vivo cell therapy approaches. Our research spans chimeric antigen receptor T-cell (CAR-T)  T-cell receptor (TCR-T)  natural killer (NK) cell-based therapies  and other emerging platforms designed to transform the treatment of serious diseases. From our global network of research and development sites  we are committed to discovering and developing safe  effective  and cutting-edge therapies for patients worldwide. Legend Biotech entered into a global collaboration agreement with Johnson &amp; Johnson to jointly develop and commercialize CARVYKTI® (ciltacabtagene autoleucel; cilta-cel). Through this strategic partnership  we combine complementary expertise and capabilities to advance innovative immunotherapies for patients living with multiple myeloma. Legend Biotech is seeking a Sr. Scientist  Toxicology as part of the Early Drug Development team based in Somerset  NJ or Philadelphia  PA . Role Overview Legend Biotech is seeking a Sr. Scientist  Toxicology to support nonclinical development and safety assessment across cell and gene therapy programs. This individual will contribute to nonclinical strategy from discovery through IND-enabling development and support regulatory sub,https://jobs.biospace.com/job/3068801/sr-scientist-toxicology/
2026-08-29T02:21:08.840347Z,biospace:toxicology,strong,76,Distinguished Scientist  Safety Assessment Project Expert,Sanofi,Cambridge  Massachusetts  US,Our Team: The candidate will be part of a dynamic interactive Preclinical Safety group that spans all aspects of the drug development value chain providing toxicology and safety pharmacology expertise as a member of global project teams. Given the activities performed by the group  internal (within Preclinical Safety and with other project functions) and external (collaboration partners) interactions occur on a daily basis making for a diverse work environment. You will Be exposed to all aspects of the drug development chain Have diverse opportunities to provide toxicology scientific input and apply those expertise Be recognized by Management and Project Teams for successes Receive excellent benefits and compensation. As an overview  the incumbent will be responsible for oversight of the nonclinical safety program of Research and Development drug candidates. These activities entail formulating the nonclinical safety strategies  designing safety pharmacology and toxicology studies  authoring regulatory documents  being a member of an integrated Project Team  interacting with internal and external partners  and interacting with and responding to global regulatory agencies. In addition  you will review compounds for potential in-licensing opportunities and address nonclinical safety issues/risks for marketed products as other activities. We are an innovative global healthcare company with one purpose: to chase the miracles of science to improve peoples lives. Are you ready to sh,https://jobs.biospace.com/job/3069302/distinguished-scientist-safety-assessment-project-expert/
2026-08-29T02:21:08.840347Z,biospace:toxicology,borderline,66,Senior Toxicologist,Regeneron Pharmaceuticals  Inc.,Cambridge  Massachusetts  US,The Senior Toxicologist utilizes their scientific expertise and regulatory experience to lead nonclinical development programs with guidance from her/his direct supervisor working effectively within cross-functional project teams. The Sr. Toxicologist will demonstrate a thorough understanding of GLP regulations and FDA/EMEA/ICH nonclinical safety guidelines to independently lead the design  conduct  interpretation  and reporting of regulatory toxicology and/or exploratory pharmacology/toxicology studies in rodent and non-rodent safety models. The Sr. Toxicologist will provide primary authorship of all regulatory documentation required for submission packages  demonstrating excellent problem solving and communication skills (written and verbal). Experience with multiple therapeutic modalities preferred  including antibody  oligonucleotide  and genetherapy products. JOB RESPONSIBILITIES: Represent toxicology on global research and development project teams communicating non-clinical safety assessment strategy. Coordinate cross-department execution of the experimental plan including program budgets  and timing of toxicology studies in relation to regulatory and clinical milestones. Work with study monitoring group to coordinate  design  monitor  and report toxicology and safety pharmacology studies at contract research organizations. Communicate toxicology study findings  including relevant interpretation  to project teams and management. Contributing to non-clinical sections of,https://jobs.biospace.com/job/3068491/senior-toxicologist/
2026-08-29T02:21:08.840347Z,biospace:toxicology,borderline,56,Associate Director  Clinical Pathologist,Regeneron Pharmaceuticals  Inc.,Tarrytown  New York  US,Associate Director of Pathology has primary responsibility to support drug molecule efficacy and safety studies in a variety of therapeutic focus areas (TFAs). The successful candidate will also provide Clinical Pathology support for GLP toxicology and PK studies of Regeneron molecules. The Associate Director will be expected to manage Clinical Pathology support to selected TFAs  and mentor junior Pathologists. A Typical day in this role may look like: Serve as a scientific leader supporting nonclinical drug development across multiple therapeutic areas. Work both independently and as a part of integrated discovery and development teams to interpret pharmacologic and toxicity related findings and help advance promising therapeutics through Regenerons pipeline. Determining and evaluating clinical pathology-related endpoints in pharmacology and toxicology studies and guiding decision making. Collaborate closely with anatomic pathologists  toxicologists  and researchers within Regeneron. Partner with our CRO partners in providing scientific peer review of nonclinical safety studies. This job might be for you if you have: Experience with integrating clinical and anatomic pathology data Experience with animal models of human diseases Clear  concise oral and written communication skills Demonstrated ability to contribute to cross functional teams Ability to contribute to scientific strategy  problem solving  and the broader understanding of pathology-related issues that influence d,https://jobs.biospace.com/job/3069418/associate-director-clinical-pathologist/
2026-08-29T02:21:08.840347Z,biospace:nonclinical safety,borderline,56,Head of Regeneron Cell Medicines,Regeneron Pharmaceuticals  Inc.,Cambridge  Massachusetts  US,Head of Regeneron Cell Medicines Location: Cambridge  MA (primary site) The Head of Regeneron Cell Medicines (RCM) sets the vision  strategy  and execution for Regenerons cell medicines portfolio and technology platform. Scope includes ex vivo and in vivo CAR T programs and enabling technologies for delivery  including chemo-free conditioning. This leader oversees cross-functional initiatives from discovery through early clinical development  builds and mentors high-performing teams  and partners across the enterprise and with external collaborators to deliver transformative cell-based therapies. Based in Cambridge  MA  this role serves as the sites senior scientific executive and advances the RCM portfolio in alignment with Regenerons broader scientific vision. In This Role  You Will: Strategy and Portfolio Leadership Define and drive the long-term scientific vision and portfolio strategy for ex vivo and in vivo cell medicines  aligned to enterprise priorities. Prioritize programs and platform investments using data-driven governance  scenario planning  and risk/benefit frameworks. Champion innovation in cell engineering  in vivo delivery (e.g.  LNPs  viral vectors)  and manufacturing to create differentiated therapies. Establish and evolve the CAR T strategy  including target selection  tissue/cell targeting  potency enhancement  and combinations with antibody-based approaches. Scientific Program Oversight Lead matrixed teams to deliver milestones from target validation to ,https://jobs.biospace.com/job/3065020/head-of-regeneron-cell-medicines/
2026-08-29T02:21:08.840347Z,biospace:safety assessment,borderline,50,Director  Global Patient Safety Sciences - General Medicine,Regeneron Pharmaceuticals  Inc.,Tarrytown  New York  US,Build our future together: At Regeneron  we use science and innovation to develop life-changing medicines for people with serious diseases. We are seeking a Director to join our Patient Safety team. The Global Patient Safety (GPS) Lead role (Director of GPS) serves as the first point of contact (POC) for all safety related issues for the compound(s)/asset(s) assigned within a given therapeutic area (TA)  and is the GPS representative on the cross functional strategic program team (SPT) for the compound. The GPS Lead leads the safety strategy and ensures the optimal support from within GPS and works collaboratively with stakeholders to deliver the safety strategy. This position requires the ability to work with and influence colleagues in a matrix environment within and external to GPS including senior management. The GPS Director joins Regenerons industry leading scientific organization  and has a direct impact on drug development  operations  and commercialization in all relevant global territories. This position offers the opportunity to contribute to a fast-growing  science-driven organization making a meaningful difference to patients worldwide. When &amp; where: Work Location: Tarrytown  NY or Warren  NJ 4 days per week on site Discover your role: This Director position is directly responsible for all aspects of Global Patient Safety activities for assigned compounds and products in support of safety surveillance  signal management  communication of the safety profile as,https://jobs.biospace.com/job/3068983/director-global-patient-safety-sciences-general-medicine/
2026-08-29T02:21:08.840347Z,biospace:nonclinical development,borderline,56,Associate Director-Medical Writer,Eli Lilly and Company,Boston  Massachusetts  US,At Lilly  the work is demanding because patients are waiting. We unite caring with discovery to help make life better for people around the world  knowing that every decision  every detail  and every day matters. Headquartered in Indianapolis  Indiana  our over 50 000 employees around the globe take on complex challenges to discover and deliver life-changing medicines  strengthen how health is understood and managed  and support the communities we serve. This is hard  urgent  selfless work—but it’s work worth doing. If you’re driven by purpose and ready to bring your best to work that truly matters for patients  we invite you to join us. Verve Therapeutics  a Lilly Research Labs subsidiary  is a clinical-stage genetic medicines company on a mission to solve cardiovascular disease. Founded by leaders in cardiovascular medicine and gene editing  Verve is developing one-time gene editing treatments aimed at turning chronic management into a single-course cure. Its lead programs target PCSK9 and ANGPTL3 to lower LDL-C  the root cause of cardiovascular disease. The Associate Director-Medical Writer will be responsible for leading and driving the development of high-quality scientific and clinical documents for regulatory submissions and internal communications  ensuring accuracy  clarity  and adherence to company standards and regulatory guidelines. Job Responsibilities Lead the planning  authoring  and review of complex clinical and regulatory documents  including but not limited,https://jobs.biospace.com/job/3065493/associate-director-medical-writer/
2026-08-29T02:21:08.840347Z,biospace:investigative toxicology,borderline,56,Senior Director - (Medical/M.D.) - ExploR&D Translational Medicine,Eli Lilly and Company,Boston  Massachusetts  US,At Lilly  the work is demanding because patients are waiting. We unite caring with discovery to help make life better for people around the world  knowing that every decision  every detail  and every day matters. Headquartered in Indianapolis  Indiana  our over 50 000 employees around the globe take on complex challenges to discover and deliver life-changing medicines  strengthen how health is understood and managed  and support the communities we serve. This is hard  urgent  selfless work—but it’s work worth doing. If you’re driven by purpose and ready to bring your best to work that truly matters for patients  we invite you to join us. Organizational Overview: ExploR&amp;D  a Division of Lilly Research Laboratories  is a drug development organization with a mission to catalyze the biotechnology ecosystem. As a multidisciplinary team of highly experienced drug developers  we seek to advance investigational medicines for external sponsors with speed and efficiency. ExploR&amp;D (operating as Chorus since 2002) has supported over 90 development programs throughout North America  Europe  and Asia. We are therapeutic area and modality agnostic  and seek to advance breakthrough science and create value for our partners and patients. Purpose of the Role: The Senior/Executive Director [commensurate with experience]  ExploR&amp;D Translational Medicine incumbent is responsible for the overarching medical strategy and medical oversight for multiple assets in the ExploR&amp;D portfoli,https://jobs.biospace.com/job/3069874/senior-director-medical-m-d-explor-and-d-translational-medicine/
2026-08-29T02:21:08.840347Z,biospace:investigative toxicology,borderline,50,Director - In Vitro Pharmacology,Eli Lilly and Company,Boston  Massachusetts  US,At Lilly  the work is demanding because patients are waiting. We unite caring with discovery to help make life better for people around the world  knowing that every decision  every detail  and every day matters. Headquartered in Indianapolis  Indiana  our over 50 000 employees around the globe take on complex challenges to discover and deliver life-changing medicines  strengthen how health is understood and managed  and support the communities we serve. This is hard  urgent  selfless work—but it’s work worth doing. If you’re driven by purpose and ready to bring your best to work that truly matters for patients  we invite you to join us. Position Overview We are excited to invite a passionate scientific leader to join our Neuroscience Next Generation Therapeutics (NGTx) team as Director of In Vitro Pharmacology. If you're driven by discovery and eager to make a profound impact on the future of neuroscience  this is your opportunity to lead breakthrough innovation and shape the next chapter in life-changing medicines. Located at Lilly's brand-new Boston Seaport Innovation Center  our dynamic team is dedicated to advancing innovative therapeutic modalities to deliver medicines for patients with neurodegenerative and chronic pain disorders. In this pivotal role  you will build and lead the in vitro engine of our discovery pipeline and direct a multidisciplinary team of scientists. You will direct the design and application of iPSC-derived and primary cellular systems  engineer d,https://jobs.biospace.com/job/3068521/director-in-vitro-pharmacology/
2026-08-29T02:21:08.840347Z,amgen:toxicology,borderline,50,Senior Principal Scientist,Amgen,Thousand Oaks  California  United States of America,Join Amgen’s Mission of Serving Patients At Amgen  if you feel like you’re part of something bigger  it’s because you are. Our shared mission—to serve patients living with serious illnesses—drives all that we do. Since 1980  we’ve helped pioneer the world of biotech in our fight against the world’s toughest diseases. With our focus on four therapeutic areas –Oncology  Inflammation  General Medicine  and Rare Disease– we reach millions of patients each year. Amgen is advancing a broad and deep pipeline of medicines to treat cancer  heart disease  inflammatory conditions  rare diseases  and obesity and obesity-related conditions. As a member of the Amgen team  you’ll help make a lasting impact on the lives of patients as we research  manufacture  and deliver innovative medicines to help people live longer  fuller happier lives. Our award-winning culture is collaborative  innovative  and science based. If you have a passion for challenges and the opportunities that lay within them  you’ll thrive as part of the Amgen team. Join us and transform the lives of patients while transforming your career. Senior Principal Scientist What you will do Let’s do this. Let’s change the world! We are seeking an experienced toxicologist in the Product Stewardship group within our Environment  Health  Safety and Sustainability (EHSS) organization. This position has a broad reach and supports: • bringing new drugs to market  and • ensuring patient and staff safety In this role you will mature core,https://careers.amgen.com/en/job/thousand-oaks/senior-principal-scientist/87/98720426512
2026-08-29T02:21:08.840347Z,amgen:toxicology,borderline,56,Pathology Sr. Director,Amgen,Washington  District of Columbia  United States of America,Join Amgen’s Mission of Serving Patients At Amgen  if you feel like you’re part of something bigger  it’s because you are. Our shared mission—to serve patients living with serious illnesses—drives all that we do. Since 1980  we’ve helped pioneer the world of biotech in our fight against the world’s toughest diseases. With our focus on four therapeutic areas –Oncology  Inflammation  General Medicine  and Rare Disease– we reach millions of patients each year. Amgen is advancing a broad and deep pipeline of medicines to treat cancer  heart disease  inflammatory conditions  rare diseases  and obesity and obesity-related conditions. As a member of the Amgen team  you’ll help make a lasting impact on the lives of patients as we research  manufacture  and deliver innovative medicines to help people live longer  fuller happier lives. Our award-winning culture is collaborative  innovative  and science based. If you have a passion for challenges and the opportunities that lay within them  you’ll thrive as part of the Amgen team. Join us and transform the lives of patients while transforming your career. Pathology Sr. Director What you will do Let’s do this. Let’s change the world. Amgen is seeking a Pathology Senior Director  within the Discovery and Toxicologic Pathology of Translational Safety Regulatory Science function. The role has a focus digital pathology to accelerate the execution of computational pathology workflows inclusive of AI/ML model development discovery programs. Thi,https://careers.amgen.com/en/job/washington-d-c/pathology-sr-director/87/96477788240
2026-08-29T02:21:08.840347Z,amgen:toxicology,strong,131,Scientific Associate Director - Project Toxicologist,Amgen,Washington  District of Columbia  United States of America,Join Amgen’s Mission of Serving Patients At Amgen  if you feel like you’re part of something bigger  it’s because you are. Our shared mission—to serve patients living with serious illnesses—drives all that we do. Since 1980  we’ve helped pioneer the world of biotech in our fight against the world’s toughest diseases. With our focus on four therapeutic areas –Oncology  Inflammation  General Medicine  and Rare Disease– we reach millions of patients each year. As a member of the Amgen team  you’ll help make a lasting impact on the lives of patients as we research  manufacture  and deliver innovative medicines to help people live longer  fuller happier lives. Our award-winning culture is collaborative  innovative  and science based. If you have a passion for challenges and the opportunities that lay within them  you’ll thrive as part of the Amgen team. Join us and transform the lives of patients while transforming your career. Scientific Associate Director - Project Toxicologist What you will do Let’s do this. Let’s change the world. In this vital role  you will serve as the key scientific interface between Translational Safety &amp; Risk Sciences (TSRS) and cross-functional project teams from discovery through post-marketing. TSRS is seeking a Scientific Associate Director to serve as a Project Toxicologist and subject matter expert  reporting to a Senior Director Project Team Representative (PTR) Manager. You will be responsible for developing and implementing fit-for-purpose n,https://careers.amgen.com/en/job/washington-d-c/scientific-associate-director-project-toxicologist/87/99510277760
2026-08-29T02:21:08.840347Z,amgen:toxicology,strong,131,Sr. Principal Scientist - Project Toxicologist,Amgen,Washington  District of Columbia  United States of America,Join Amgen’s Mission of Serving Patients At Amgen  if you feel like you’re part of something bigger  it’s because you are. Our shared mission—to serve patients living with serious illnesses—drives all that we do. Since 1980  we’ve helped pioneer the world of biotech in our fight against the world’s toughest diseases. With our focus on four therapeutic areas –Oncology  Inflammation  General Medicine  and Rare Disease– we reach millions of patients each year. As a member of the Amgen team  you’ll help make a lasting impact on the lives of patients as we research  manufacture  and deliver innovative medicines to help people live longer  fuller happier lives. Our award-winning culture is collaborative  innovative  and science based. If you have a passion for challenges and the opportunities that lay within them  you’ll thrive as part of the Amgen team. Join us and transform the lives of patients while transforming your career. Sr. Principal Scientist - Project Toxicologist What you will do Let’s do this. Let’s change the world. In this vital role  you will serve as the primary interface between Translational Safety &amp; Risk Sciences (TSRS) and cross‑functional project teams  from early discovery through post-marketing. TSRS at Amgen is seeking a Senior Principal Scientist to serve as a Project Toxicologist and Subject Matter Expert  reporting to a Project Team Representative (PTR) Manager. You will be responsible for developing and implementing fit-for-purpose nonclinical safet,https://careers.amgen.com/en/job/washington-d-c/sr-principal-scientist-project-toxicologist/87/93966677040
2026-08-29T02:21:08.840347Z,amgen:toxicology,borderline,50,Principal Scientist - Clinical Pharmacology Modeling and Simulation,Amgen,Thousand Oaks  California  United States of America,Join Amgen’s Mission of Serving Patients At Amgen  if you feel like you’re part of something bigger  it’s because you are. Our shared mission—to serve patients living with serious illnesses—drives all that we do. Since 1980  we’ve helped pioneer the world of biotech in our fight against the world’s toughest diseases. With our focus on four therapeutic areas –Oncology  Inflammation  General Medicine  and Rare Disease– we reach millions of patients each year. Amgen is advancing a broad and deep pipeline of medicines to treat cancer  heart disease  inflammatory conditions  rare diseases  and obesity and obesity-related conditions. As a member of the Amgen team  you’ll help make a lasting impact on the lives of patients as we research  manufacture  and deliver innovative medicines to help people live longer  fuller happier lives. Our award-winning culture is collaborative  innovative  and science based. If you have a passion for challenges and the opportunities that lay within them  you’ll thrive as part of the Amgen team. Join us and transform the lives of patients while transforming your career. Principal Scientist - Clinical Pharmacology Modeling and Simulation What you will do Let’s do this. Let’s change the world. In this vital role you will develop and execute integrated clinical pharmacology and model-informed drug development strategies that inform dose and regimen selection  clinical study design  regulatory filings and product labeling. You will work closely with collea,https://careers.amgen.com/en/job/thousand-oaks/principal-scientist-clinical-pharmacology-modeling-and-simulation/87/98097859552
2026-08-29T02:21:08.840347Z,amgen:toxicology,borderline,56,Safety Pharmacology Senior Scientist,Amgen,Thousand Oaks  California  United States of America,Join Amgen’s Mission of Serving Patients At Amgen  if you feel like you’re part of something bigger  it’s because you are. Our shared mission—to serve patients living with serious illnesses—drives all that we do. Since 1980  we’ve helped pioneer the world of biotech in our fight against the world’s toughest diseases. With our focus on four therapeutic areas –Oncology  Inflammation  General Medicine  and Rare Disease– we reach millions of patients each year. Amgen is advancing a broad and deep pipeline of medicines to treat cancer  heart disease  inflammatory conditions  rare diseases  and obesity and obesity-related conditions. As a member of the Amgen team  you’ll help make a lasting impact on the lives of patients as we research  manufacture  and deliver innovative medicines to help people live longer  fuller happier lives. Our award-winning culture is collaborative  innovative  and science based. If you have a passion for challenges and the opportunities that lay within them  you’ll thrive as part of the Amgen team. Join us and transform the lives of patients while transforming your career. Safety Pharmacology Senior Scientist What you will do Let’s do this. Let’s change the world. In this vital role you will join the Safety Pharmacology Sciences team. The successful candidate will serve as a subject matter expert in nonclinical safety pharmacology  partnering closely with project teams to develop and execute integrated safety pharmacology strategies that support discovery,https://careers.amgen.com/en/job/thousand-oaks/safety-pharmacology-senior-scientist/87/96531511648
2026-08-29T02:21:08.840347Z,amgen:toxicology,borderline,56,Scientific Associate Director - Safety Pharmacology,Amgen,Thousand Oaks  California  United States of America,Join Amgen’s Mission of Serving Patients At Amgen  if you feel like you’re part of something bigger  it’s because you are. Our shared mission—to serve patients living with serious illnesses—drives all that we do. Since 1980  we’ve helped pioneer the world of biotech in our fight against the world’s toughest diseases. With our focus on four therapeutic areas –Oncology  Inflammation  General Medicine  and Rare Disease– we reach millions of patients each year. As a member of the Amgen team  you’ll help make a lasting impact on the lives of patients as we research  manufacture  and deliver innovative medicines to help people live longer  fuller happier lives. Our award-winning culture is collaborative  innovative  and science based. If you have a passion for challenges and the opportunities that lay within them  you’ll thrive as part of the Amgen team. Join us and transform the lives of patients while transforming your career. Scientific Associate Director – Safety Pharmacology What you will do Let’s do this. Let’s change the world. The Scientific Associate Director will lead safety pharmacology lab-based activities within the Safety Pharmacology Sciences team and contribute directly to the success of Translational Safety &amp; Risk Sciences (TSRS)  the department responsible for nonclinical safety evaluation within Amgen Research. This role reports to the Senior Director of Safety Pharmacology Sciences. This leadership role has multiple components: management of in vitro cardiac,https://careers.amgen.com/en/job/thousand-oaks/scientific-associate-director-safety-pharmacology/87/95310528256
2026-08-29T02:21:08.840347Z,amgen:toxicology,borderline,56,Principal Scientist - Cardiometabolic Disorders,Amgen,Thousand Oaks  California  United States of America,Join Amgen’s Mission of Serving Patients At Amgen  if you feel like you’re part of something bigger  it’s because you are. Our shared mission—to serve patients living with serious illnesses—drives all that we do. Since 1980  we’ve helped pioneer the world of biotech in our fight against the world’s toughest diseases. With our focus on four therapeutic areas –Oncology  Inflammation  General Medicine  and Rare Disease– we reach millions of patients each year. Amgen is advancing a broad and deep pipeline of medicines to treat cancer  heart disease  inflammatory conditions  rare diseases  and obesity and obesity-related conditions. As a member of the Amgen team  you’ll help make a lasting impact on the lives of patients as we research  manufacture  and deliver innovative medicines to help people live longer  fuller happier lives. Our award-winning culture is collaborative  innovative  and science based. If you have a passion for challenges and the opportunities that lay within them  you’ll thrive as part of the Amgen team. Join us and transform the lives of patients while transforming your career. Principal Scientist – Cardiometabolic Diseases/Obesity Research What you will do Let’s do this. Let’s change the world. In this vital role you will provide scientific leadership for the discovery and preclinical development of next-generation therapeutics for obesity and related cardiometabolic diseases. You will lead the design and execution of translational pharmacology strategies to ,https://careers.amgen.com/en/job/thousand-oaks/principal-scientist-cardiometabolic-disorders/87/98859756560
2026-08-29T02:21:08.840347Z,amgen:toxicology,strong,86,Senior Scientist - Translational Safety & Risk Sciences (TSRS),Amgen,Washington  District of Columbia  United States of America  South San Francisco  California  United States  Cambridge  Massachusetts  Thousand Oaks,Join Amgen’s Mission of Serving Patients At Amgen  if you feel like you’re part of something bigger  it’s because you are. Our shared mission—to serve patients living with serious illnesses—drives all that we do. Since 1980  we’ve helped pioneer the world of biotech in our fight against the world’s toughest diseases. With our focus on four therapeutic areas –Oncology  Inflammation  General Medicine  and Rare Disease– we reach millions of patients each year. Amgen is advancing a broad and deep pipeline of medicines to treat cancer  heart disease  inflammatory conditions  rare diseases  and obesity and obesity-related conditions. As a member of the Amgen team  you’ll help make a lasting impact on the lives of patients as we research  manufacture  and deliver innovative medicines to help people live longer  fuller happier lives. Our award-winning culture is collaborative  innovative  and science based. If you have a passion for challenges and the opportunities that lay within them  you’ll thrive as part of the Amgen team. Join us and transform the lives of patients while transforming your career. Senior Scientist – Translational Safety &amp; Risk Sciences (TSRS) What you will do Let’s do this. Let’s change the world. In this vital role you will lead efforts to develop and integrate modern data infrastructure  analytics platforms  and visualization capabilities to support New Approach Methodologies (NAMs) and broader translational safety initiatives across the organization. This ,https://careers.amgen.com/en/job/washington-d-c/senior-scientist-translational-safety-and-risk-sciences-tsrs/87/96185582736
2026-08-29T02:21:08.840347Z,amgen:nonclinical development,borderline,50,Process Development Senior Scientist,Amgen,Thousand Oaks  California  United States of America,Join Amgen’s Mission of Serving Patients At Amgen  if you feel like you’re part of something bigger  it’s because you are. Our shared mission—to serve patients living with serious illnesses—drives all that we do. Since 1980  we’ve helped pioneer the world of biotech in our fight against the world’s toughest diseases. With our focus on four therapeutic areas –Oncology  Inflammation  General Medicine  and Rare Disease– we reach millions of patients each year. Amgen is advancing a broad and deep pipeline of medicines to treat cancer  heart disease  inflammatory conditions  rare diseases  and obesity and obesity-related conditions. As a member of the Amgen team  you’ll help make a lasting impact on the lives of patients as we research  manufacture  and deliver innovative medicines to help people live longer  fuller happier lives. Our award-winning culture is collaborative  innovative  and science based. If you have a passion for challenges and the opportunities that lay within them  you’ll thrive as part of the Amgen team. Join us and transform the lives of patients while transforming your career. Process Development Senior Scientist What you will do Let’s do this. Let’s change the world. In this vital role you will the integrated Pharmaceutical Attribute Sciences (iPAS) department  located in Thousand Oaks  CA. This team plays a crucial role in pivotal phase analytical development  including method development  validation  transfer  process and product development support  and G,https://careers.amgen.com/en/job/thousand-oaks/process-development-senior-scientist/87/96316997104
2026-08-29T02:21:08.840347Z,amgen:nonclinical development,borderline,50,Process Development Sr Principal Scientist,Amgen,Thousand Oaks  California  United States of America,Join Amgen’s Mission of Serving Patients At Amgen  if you feel like you’re part of something bigger  it’s because you are. Our shared mission—to serve patients living with serious illnesses—drives all that we do. Since 1980  we’ve helped pioneer the world of biotech in our fight against the world’s toughest diseases. With our focus on four therapeutic areas –Oncology  Inflammation  General Medicine  and Rare Disease– we reach millions of patients each year. Amgen is advancing a broad and deep pipeline of medicines to treat cancer  heart disease  inflammatory conditions  rare diseases  and obesity and obesity-related conditions. As a member of the Amgen team  you’ll help make a lasting impact on the lives of patients as we research  manufacture  and deliver innovative medicines to help people live longer  fuller happier lives. Our award-winning culture is collaborative  innovative  and science based. If you have a passion for challenges and the opportunities that lay within them  you’ll thrive as part of the Amgen team. Join us and transform the lives of patients while transforming your career. Process Development Sr Principal Scientist What you will do In this vital role  you will lead a team of analytical scientists responsible for developing  transferring  validating  and implementing analytical methods to support late-phase oligonucleotide programs through commercialization. As the Attribute Sciences Team Lead (ASTL)  you will provide scientific  technical  and strategic l,https://careers.amgen.com/en/job/thousand-oaks/process-development-sr-principal-scientist/87/98391385536
2026-08-29T02:21:08.840347Z,bms:toxicology,borderline,56,Director  Biology Group Lead,Bristol Myers Squibb,San Diego  CA  US,At RayzeBio  every day is an opportunity to ignite meaningful change. As a wholly-owned subsidiary of Bristol Myers Squibb  RayzeBio blends the nimble  pioneering spirit of an emergent biotech with the global expertise and resources of a leading innovator in oncology. Our mission is to develop transformative radiopharmaceutical therapies that offer new hope for patients living with cancer. Here  you’ll join a multidisciplinary team where your ideas are valued  your expertise is amplified  and collaboration is at the heart of everything we do. From day one  expect to make an immediate impact—on our science  on our teams  and most importantly  on patients. Learn more about RayzeBio: https://careers.bms.com/rayzebio/ We are seeking an accomplished scientific leader to lead our biology organization. This individual will oversee target discovery  target validation  pharmacology  and candidate selection activities across our radiopharmaceutical discovery portfolio. The successful candidate will provide scientific vision  organizational leadership  and strategic direction while fostering a collaborative  innovative  and execution-focused research environment. Position Summary: The Director  Biology Group Lead will lead biology organization responsible for discovering and validating novel targets and advancing differentiated radiopharmaceutical candidates from target identification through IND-enabling studies. This individual will establish biology strategies across the discovery po,https://jobs.bms.com/careers/job/137482709531
2026-08-29T02:21:08.840347Z,bms:toxicology,borderline,56,Associate Director  In-Vivo Pharmacology,Bristol Myers Squibb,San Diego  CA  US,At RayzeBio  every day is an opportunity to ignite meaningful change. As a wholly-owned subsidiary of Bristol Myers Squibb  RayzeBio blends the nimble  pioneering spirit of an emergent biotech with the global expertise and resources of a leading innovator in oncology. Our mission is to develop transformative radiopharmaceutical therapies that offer new hope for patients living with cancer. Here  you’ll join a multidisciplinary team where your ideas are valued  your expertise is amplified  and collaboration is at the heart of everything we do. From day one  expect to make an immediate impact—on our science  on our teams  and most importantly  on patients. Learn more about RayzeBio: https://careers.bms.com/rayzebio/ RayzeBio is seeking an Associate Director  In‑Vivo Pharmacology to provide scientific and operational leadership across oncology programs with a focus on radiopharmaceutical therapeutics (RPTs). This role provides functional leadership to senior scientists to design and execute high‑quality in‑vivo studies that inform program strategy from discovery through IND‑enabling development. The Associate Director will set direction  ensure alignment  and drive high‑quality decision‑making  while maintaining accountability for vivarium operations  animal welfare  and regulatory compliance (IACUC/AALAC). This is a highly cross‑functional role that operates close to the science without serving as the primary experimentalist. The ideal candidate combines deep expertise in oncol,https://jobs.bms.com/careers/job/137480506396
2026-08-29T02:21:08.840347Z,bms:toxicology,borderline,56,Associate Director Global Regulatory Sciences - Oncology,Bristol Myers Squibb,Princeton  NJ  US  Cambridge  MA  US,Working with Us Challenging. Meaningful. Life-changing. Those aren’t words that are usually associated with a job. But working at Bristol Myers Squibb is anything but usual. Here  uniquely interesting work happens every day  in every department. From optimizing a production line to the latest breakthroughs in cell therapy  this is work that transforms the lives of patients  and the careers of those who do it. You’ll get the chance to grow and thrive through opportunities uncommon in scale and scope  alongside high-achieving teams. Take your career farther than you thought possible. Bristol Myers Squibb recognizes the importance of balance and flexibility in our work environment. We offer a wide variety of competitive benefits  services and programs that provide our employees with the resources to pursue their goals  both at work and in their personal lives. Read more: careers.bms.com/working-with-us . Associate Director  Global Regulatory Strategy  Hematology/Oncology Position Responsibilities as a Global and US Regulatory Lead In conjunction with the Team leader; develop global regulatory strategy in development and through life cycle management taking into account all relevant guidance  commercial needs  and company objectives. Lead regulatory dossier submissions to global and/or FDA (IND  BLA  NDA  and supplements) utilizing internal and external resources; ensure appropriate quality controls in place for compliant submissions. Work with cross-functional groups to define a,https://jobs.bms.com/careers/job/137481512607
2026-08-29T02:21:08.840347Z,bms:toxicology,borderline,56,Senior Scientist  Cancer Immunology Translational Research,Bristol Myers Squibb,Cambridge  MA  US,Working with Us Challenging. Meaningful. Life-changing. Those aren’t words that are usually associated with a job. But working at Bristol Myers Squibb is anything but usual. Here  uniquely interesting work happens every day  in every department. From optimizing a production line to the latest breakthroughs in cell therapy  this is work that transforms the lives of patients  and the careers of those who do it. You’ll get the chance to grow and thrive through opportunities uncommon in scale and scope  alongside high-achieving teams. Take your career farther than you thought possible. Bristol Myers Squibb recognizes the importance of balance and flexibility in our work environment. We offer a wide variety of competitive benefits  services and programs that provide our employees with the resources to pursue their goals  both at work and in their personal lives. Read more: careers.bms.com/working-with-us . The Oncology Thematic Research Center at BMS is a key research and early development engine  responsible for the discovery and development of novel oncology therapeutics for patients. Centered at our state-of-the-art research sites in Cambridge and Seattle  scientists focus on novel targets and pathways for tumors that are refractory to current therapies. With a deep understanding of the causal human biology  we are able to leverage our multiple modality platforms to best match the modality to the mechanism and desired outcome. We are a fully integrated drug discovery through tr,https://jobs.bms.com/careers/job/137478863880
2026-08-29T02:21:08.840347Z,bms:toxicology,borderline,50,Senior Scientist  Translational Research (Oncology TRC),Bristol Myers Squibb,Cambridge  MA  US,Working with Us Challenging. Meaningful. Life-changing. Those aren’t words that are usually associated with a job. But working at Bristol Myers Squibb is anything but usual. Here  uniquely interesting work happens every day  in every department. From optimizing a production line to the latest breakthroughs in cell therapy  this is work that transforms the lives of patients  and the careers of those who do it. You’ll get the chance to grow and thrive through opportunities uncommon in scale and scope  alongside high-achieving teams. Take your career farther than you thought possible. Bristol Myers Squibb recognizes the importance of balance and flexibility in our work environment. We offer a wide variety of competitive benefits  services and programs that provide our employees with the resources to pursue their goals  both at work and in their personal lives. Read more: careers.bms.com/working-with-us . The Oncology Thematic Research Center at BMS is a key research and early development engine  responsible for the discovery and development of novel oncology therapeutics for patients. Centered at our state-of-the-art research sites in Cambridge and Seattle  scientists focus on novel targets and pathways for tumors that are refractory to current therapies. With a deep understanding of the causal human biology  we are able to leverage our multiple modality platforms to best match the modality to the mechanism and desired outcome. We are a fully integrated drug discovery through tr,https://jobs.bms.com/careers/job/137482601510
2026-08-29T02:21:08.840347Z,bms:safety assessment,strong,86,Executive Director  Medical Safety Assessment Therapeutic Lead  Neuroscience,Bristol Myers Squibb,Princeton  NJ  US  Madison  NJ  US,Working with Us Challenging. Meaningful. Life-changing. Those aren’t words that are usually associated with a job. But working at Bristol Myers Squibb is anything but usual. Here  uniquely interesting work happens every day  in every department. From optimizing a production line to the latest breakthroughs in cell therapy  this is work that transforms the lives of patients  and the careers of those who do it. You’ll get the chance to grow and thrive through opportunities uncommon in scale and scope  alongside high-achieving teams. Take your career farther than you thought possible. Bristol Myers Squibb recognizes the importance of balance and flexibility in our work environment. We offer a wide variety of competitive benefits  services and programs that provide our employees with the resources to pursue their goals  both at work and in their personal lives. Read more: careers.bms.com/working-with-us . Functional Area Description The Worldwide Patient Safety (WWPS) group is responsible for ensuring the safety of our medicines. WWPS pharmacovigilance and pharmacoepidemiology deliverables include single case and aggregate safety monitoring  safety reporting  contributing to benefit-risk assessment  risk management planning and strategy  execution of certain postmarketing commitments  and ensuring compliance with global regulatory requirements. Position Summary Provide strategic oversight &amp; delivery of medical safety assessment for assets in therapeutic area (TA) by effective,https://jobs.bms.com/careers/job/137480982147
2026-08-29T02:21:08.840347Z,bms:safety assessment,strong,80,Director  Medical Safety Assessment Physician,Bristol Myers Squibb,Princeton  NJ  US  Madison  NJ  US,Working with Us Challenging. Meaningful. Life-changing. Those aren’t words that are usually associated with a job. But working at Bristol Myers Squibb is anything but usual. Here  uniquely interesting work happens every day  in every department. From optimizing a production line to the latest breakthroughs in cell therapy  this is work that transforms the lives of patients  and the careers of those who do it. You’ll get the chance to grow and thrive through opportunities uncommon in scale and scope  alongside high-achieving teams. Take your career farther than you thought possible. Bristol Myers Squibb recognizes the importance of balance and flexibility in our work environment. We offer a wide variety of competitive benefits  services and programs that provide our employees with the resources to pursue their goals  both at work and in their personal lives. Read more: careers.bms.com/working-with-us . Position Summary Lead safety activities and benefit-risk strategies for assigned BMS compounds/ program and chair the product Safety Management Team(s). Oversee  Prepare  and/or Review aggregate safety review documents as well as safety sections of relevant clinical trial documents and regulatory filings. Lead team in the evaluation &amp; management of signals emerging from any data source. Develop strategy for signal evaluation and document outcome. Lead safety labeling activities for assigned products/ program. Act as the Safety Subject Matter Expert for input to regulatory pr,https://jobs.bms.com/careers/job/137481072900
2026-08-29T02:21:08.840347Z,bms:safety assessment,strong,74,Director  Medical Safety Assessment Physician  Neuroscience,Bristol Myers Squibb,Princeton  NJ  US  Cambridge  MA  US  Madison  NJ  US,Working with Us Challenging. Meaningful. Life-changing. Those aren’t words that are usually associated with a job. But working at Bristol Myers Squibb is anything but usual. Here  uniquely interesting work happens every day  in every department. From optimizing a production line to the latest breakthroughs in cell therapy  this is work that transforms the lives of patients  and the careers of those who do it. You’ll get the chance to grow and thrive through opportunities uncommon in scale and scope  alongside high-achieving teams. Take your career farther than you thought possible. Bristol Myers Squibb recognizes the importance of balance and flexibility in our work environment. We offer a wide variety of competitive benefits  services and programs that provide our employees with the resources to pursue their goals  both at work and in their personal lives. Read more: careers.bms.com/working-with-us . Position Summary Lead safety activities and benefit-risk strategies for assigned BMS compounds/ program and chair the product Safety Management Team(s). Oversee  prepare and/or review aggregate safety review documents as well as safety sections of relevant clinical trial documents and regulatory filings. Lead team in the evaluation &amp; management of safety signals emerging from any data source. Develop strategy for signal evaluation and document outcome. Lead safety labeling activities for assigned products / program. Act as the Safety Subject Matter Expert for input to regula,https://jobs.bms.com/careers/job/137480712805
2026-08-29T02:21:08.840347Z,bms:safety assessment,strong,80,Director  Medical Safety Assessment Physician,Bristol Myers Squibb,Princeton  NJ  US  Madison  NJ  US,Working with Us Challenging. Meaningful. Life-changing. Those aren’t words that are usually associated with a job. But working at Bristol Myers Squibb is anything but usual. Here  uniquely interesting work happens every day  in every department. From optimizing a production line to the latest breakthroughs in cell therapy  this is work that transforms the lives of patients  and the careers of those who do it. You’ll get the chance to grow and thrive through opportunities uncommon in scale and scope  alongside high-achieving teams. Take your career farther than you thought possible. Bristol Myers Squibb recognizes the importance of balance and flexibility in our work environment. We offer a wide variety of competitive benefits  services and programs that provide our employees with the resources to pursue their goals  both at work and in their personal lives. Read more: careers.bms.com/working-with-us . Position Summary Lead safety activities and benefit-risk strategies for assigned BMS compounds/ program and chair the product Safety Management Team(s). Oversee  Prepare  and/or Review aggregate safety review documents as well as safety sections of relevant clinical trial documents and regulatory filings. Lead team in the evaluation &amp; management of signals emerging from any data source. Develop strategy for signal evaluation and document outcome. Lead safety labeling activities for assigned products/ program. Act as the Safety Subject Matter Expert for input to regulatory pr,https://jobs.bms.com/careers/job/137481072904
2026-08-29T02:21:08.840347Z,lilly:toxicology,strong,74,Advisor / Senior Advisor  CNS/PNS NAMs – Investigative Toxicology,100 Eli Lilly and Company,US: Indianapolis IN Corporate Center  United States of America,At Lilly  the work is demanding because patients are waiting. We unite caring with discovery to help make life better for people around the world  knowing that every decision  every detail  and every day matters. Headquartered in Indianapolis  Indiana  our over 50 000 employees around the globe take on complex challenges to discover and deliver life-changing medicines  strengthen how health is understood and managed  and support the communities we serve. This is hard  urgent  selfless work—but it’s work worth doing. If you’re driven by purpose and ready to bring your best to work that truly matters for patients  we invite you to join us. Position Overview We are seeking a highly motivated and innovative scientist to join the New Approach Methodologies (NAMs)/Complex In Vitro Models (CIVMs) pillar within Lilly’s Investigative Toxicology group. This individual contributor  primarily laboratory-based role sits within an integrated group where in vitro and in vivo safety science are united under a single leadership  enabling seamless translational science across the drug discovery continuum. The successful candidate will serve as the primary scientific contributor to Lilly’s CNS/PNS safety NAMs capability - designing  qualifying  and applying advanced human-relevant in vitro models to detect  characterize  and mechanistically understand compound-induced liabilities across the central nervous system (CNS)  peripheral nervous system (PNS)  and blood-brain barrier (BBB). Liabilities,https://lilly.wd115.myworkdayjobs.com/LLY/job/US-Indianapolis-IN/Advisor---Senior-Advisor--CNS-PNS-NAMs---Investigative-Toxicology_R-107871
2026-08-29T02:21:08.840347Z,lilly:toxicology,strong,86,Advisor / Senior Advisor  Cardiovascular NAMs – Investigative Toxicology,100 Eli Lilly and Company,US: Indianapolis IN Corporate Center  United States of America,At Lilly  the work is demanding because patients are waiting. We unite caring with discovery to help make life better for people around the world  knowing that every decision  every detail  and every day matters. Headquartered in Indianapolis  Indiana  our over 50 000 employees around the globe take on complex challenges to discover and deliver life-changing medicines  strengthen how health is understood and managed  and support the communities we serve. This is hard  urgent  selfless work—but it’s work worth doing. If you’re driven by purpose and ready to bring your best to work that truly matters for patients  we invite you to join us. Position Overview We are seeking a scientist to join the New Approach Methodologies (NAMs)/Complex In Vitro Models (CIVMs) pillar within Lilly’s Investigative Toxicology group. This individual contributor  primarily laboratory-based role sits within an integrated group where in vitro and in vivo safety science operate under a single leadership  enabling seamless translational science across the drug discovery continuum. The successful candidate will anchor Lilly’s cardiovascular safety NAMs capability – crafting  qualifying  and applying sophisticated human-relevant in vitro models to detect  characterize  and mechanistically understand compound-induced liabilities across the full cardiovascular system. Liabilities of primary interest span cardiac and vascular biology: proarrhythmia and ion channel perturbation  drug-induced cardiomyopathy (s,https://lilly.wd115.myworkdayjobs.com/LLY/job/US-Indianapolis-IN/Advisor---Senior-Advisor--Cardiovascular-NAMs---Investigative-Toxicology_R-107876-1
2026-08-29T02:21:08.840347Z,lilly:toxicology,borderline,56,Advisor – Process Engineer. Lilly Medicine Foundry,100 Eli Lilly and Company,US: Lebanon IN Lilly Medicine Foundry  United States of America,At Lilly  we unite caring with discovery to make life better for people around the world. We are a global healthcare leader headquartered in Indianapolis  Indiana. Our employees around the world work to discover and bring life-changing medicines to those who need them  improve the understanding and management of disease  and give back to our communities through philanthropy and volunteerism. We give our best effort to our work  and we put people first. We’re looking for people who are determined to make life better for people around the world. At Lilly  we unite caring with discovery to make life better for people around the world. We are a global healthcare leader headquartered in Indianapolis  Indiana. Our employees around the world work to discover and bring life-changing medicines to those who need them  improve the understanding and management of disease  and give back to our communities through philanthropy and volunteerism. We give our best effort to our work  and we put people first. We're looking for people who are determined to make life better for people around the world. Lilly recently announced a $4.5 billion investment to create the Lilly Medicine Foundry  a new center for advanced manufacturing and drug development. The first-ever facility of its kind  combining research and manufacturing in a single location  the Medicine Foundry will allow Lilly to further develop innovative solutions to optimize manufacturing processes and increase capacity for clinical tria,https://lilly.wd115.myworkdayjobs.com/LLY/job/US-Lebanon-IN/Advisor---Process-Engineer-Lilly-Medicine-Foundry_R-102453
2026-08-29T02:21:08.840347Z,lilly:toxicology,borderline,56,Director - ADME Project Leadership,100 Eli Lilly and Company,US: Indianapolis IN Corporate Center  United States of America,At Lilly  the work is demanding because patients are waiting. We unite caring with discovery to help make life better for people around the world  knowing that every decision  every detail  and every day matters. Headquartered in Indianapolis  Indiana  our over 50 000 employees around the globe take on complex challenges to discover and deliver life-changing medicines  strengthen how health is understood and managed  and support the communities we serve. This is hard  urgent  selfless work—but it’s work worth doing. If you’re driven by purpose and ready to bring your best to work that truly matters for patients  we invite you to join us. Lilly’s Drug Disposition team is searching for an experienced pharmaceutical scientist to lead the application of absorption  distribution  metabolism  excretion (ADME) science to advance our portfolio. Working on cross-functional teams  our diverse group is multidisciplinary  applying in vitro  in vivo  and in silico approaches to mechanistically study the pharmacokinetics  absorption  and disposition of small molecules  biologics/antibodies  peptides  ADCs  siRNAs  gene therapies  and other complex modalities. You will serve as technical leader within the department and across portfolio cross-functional teams. This role will require engaging in experimental design and data interpretation to deliver the discovery and development portfolio of investigational targets and novel therapeutics. We are passionate about making an impact in the lives,https://lilly.wd115.myworkdayjobs.com/LLY/job/US-Indianapolis-IN/Director---ADME-Project-Leadership_R-110508
2026-08-29T02:21:08.840347Z,lilly:toxicology,borderline,50,Advisor - RNA Chemistry,100 Eli Lilly and Company,US: Indianapolis IN Corporate Center  United States of America,At Lilly  the work is demanding because patients are waiting. We unite caring with discovery to help make life better for people around the world  knowing that every decision  every detail  and every day matters. Headquartered in Indianapolis  Indiana  our over 50 000 employees around the globe take on complex challenges to discover and deliver life-changing medicines  strengthen how health is understood and managed  and support the communities we serve. This is hard  urgent  selfless work—but it’s work worth doing. If you’re driven by purpose and ready to bring your best to work that truly matters for patients  we invite you to join us. The Lilly Genetic Medicine group is at the forefront of oligonucleotide medicinal chemistry research and synthetic chemistry innovation  with the goal of establishing Lilly as a leader in genetic medicine. Our group is engaged in a broad range of scientific efforts spanning the full arc of oligonucleotide drug discovery: from the design and synthesis of siRNA and antisense oligonucleotide (ASO) molecules on active drug discovery projects  to fundamental platform science aimed at making better medicines. This includes investigating novel chemical modifications to enhance the potency  selectivity  and durability of siRNA molecules  as well as pioneering new delivery strategies using a variety of ligands to direct oligonucleotide medicines to specific tissues and cell types. We work in close collaboration with in vitro and in vivo biology  ADME ,https://lilly.wd115.myworkdayjobs.com/LLY/job/US-Indianapolis-IN/Advisor---RNA-Chemistry_R-107494
